Site Name,Site Location,Site Type,Site discription
BIRMINGHAM CIVIL RIGHTS,AL,National Monument,"In 1963, images of snarling police dogs unleashed against non-violent protesters and of children being sprayed with high-pressure hoses appeared in print and television news across the world. These dramatic scenes from Birmingham, Alabama, of violent police aggression against civil rights protesters were vivid examples of segregation and racial injustice in America."
FREEDOM RIDERS,AL,National Monument,"In 1961, a small interracial band of “Freedom Riders” challenged discriminatory laws requiring separation of the races in interstate travel. They were attacked by white segregationists, who firebombed the bus. Images of the attack appeared in hundreds of newspapers, shocking the American public and spurring the Federal Government to issue regulations banning segregation in interstate travel."
HORSESHOE BEND,"Daviston, AL",National Military Park,"On 27 March 1814, Major General Andrew Jackson ‘s army of 3,300 men attacked Chief Menawa’s 1,000 Red Stick Creek warriors fortified in a horseshoe shaped bend of the Tallapoosa River.  Over 800 Red Sticks died that day.  The battle ended the Creek War, resulted in a land cession of 23,000,000 acres to the United States and created a national hero of Andrew Jackson."
LITTLE RIVER CANYON,"Fort Payne, AL",National Preserve,"Little River is unique because it flows for most of its length atop Lookout Mountain in northeast Alabama. Forested uplands, waterfalls, canyon rims and bluffs, pools, boulders, and sandstone cliffs offer settings for a variety of recreational activities. Natural resources and cultural heritage come together to tell the story of the Preserve, a special place in the Southern Appalachians."
MUSCLE SHOALS,,National Heritage Area,"The Tennessee River brought the early Native Americans and then the European settlers. For years, it frustrated those who tried to cross it or tame it. Men fought from its banks and others found power from its waters. It created a culture. It shaped a region. The region’s sites, buildings, and relics whisper tales of some of the nation’s biggest moments and how the river played a role in each."
NATCHEZ TRACE,"the states of AL,MS,TN",Parkway,"The Natchez Trace Parkway is a 444-mile recreational road and scenic drive through three states. It roughly follows the ""Old Natchez Trace"" a historic travel corridor used by American Indians, ""Kaintucks,"" European settlers, slave traders, soldiers, and future presidents. Today, people can enjoy not only a scenic drive but also hiking, biking, horseback riding, and camping along the parkway."
NATCHEZ TRACE,"Tupelo, AL,MS,TN",National Scenic Trail,The 450-mile foot trail that became known as the Natchez Trace was the lifeline through the Old Southwest.  You can experience portions of that journey the way earlier travelers did - on foot.  Today there are five separate trails totaling over 60 miles and they are administered by the Natchez Trace Parkway.
RUSSELL CAVE,"Bridgeport, AL",National Monument,"Russell Cave is an archaeological site with one of the most complete records of prehistoric cultures in the Southeast. Thousands of years ago a portion of Russell Cave's entrance collapsed, creating a shelter that, for more than 10,000 years, was home to prehistoric peoples. Today it provides clues to the daily lifeways of early North American inhabitants dating from 10,000 B.C. to 1650 A.D."
SELMA TO MONTGOMERY,"Montgomery, Lowndes & Dallas Counties, AL",National Historic Trail,"On August 6, 1965, President Lyndon Johnson signed, the Voting Rights Act of 1965, which extended equal voting rights for African-Americans. As both White and Black non-violent supporters led by Dr. Martin Luther King Jr. fought for the right to vote in Central Alabama, today, you can trace their march toward freedom on the 54-mile trail and connect with their stories at the Interpretive Centers."
TRAIL OF TEARS,"AL,AR,GA,IL,KY,MO,NC,OK,TN",National Historic Trail,"Remember and commemorate the survival of the Cherokee people, forcefully removed from their homelands in Georgia, Alabama, and Tennessee to live in Indian Territory, now Oklahoma. They traveled by foot, horse, wagon, or steamboat in 1838-1839."
TUSKEGEE AIRMEN,"Tuskegee, AL",National Historic Site,"Before the first African American military pilots became known as the ""Red Tails"" they wore striped tails as they began their flight training in the Army's PT-17 Stearman bi-plane.  Their flying adventure started at Moton Field, in Tuskegee, Alabama, where the Army Air Corps began a military ""experiment"" to see if Negroes could be trained to fly combat aircraft.  Come--share their adventure!!"
TUSKEGEE INSTITUTE,"Tuskegee Institute, AL",National Historic Site,"In 1881, Booker T. Washington arrived in Alabama and started building Tuskegee Institute both in reputation and literally brick by brick.  He recruited the best and the brightest to come and teach here including George Washington Carver who arrived in 1896.  Carver’s innovations in agriculture, especially with peanuts, expanded Tuskegee’s standing throughout the country.  The story continues…."
ALAGNAK,"King Salmon, AK",Wild River,"The headwaters of Alagnak Wild River lie within the rugged Aleutian Range of neighboring Katmai National Park and Preserve. Meandering west towards Bristol Bay and the Bering Sea, the Alagnak traverses the beautiful Alaska Peninsula, providing an unparalleled opportunity to experience the unique wilderness, wildlife, and cultural heritage of southwest Alaska."
ALASKA PUBLIC LANDS,"Anchorage, AK",,"Alaska’s parks, forests and refuges are rich and varied. The Anchorage Interagency Visitor Center helps visitors and residents to have meaningful, safe, enjoyable experiences on public lands, and encourages them to sustain the natural and cultural resources of Alaska. This center and three others statewide provide trip-planning, interpretation, and education for all ages."
ALEUTIAN ISLANDS WORLD WAR II,"Unalaska/Dutch Harbor, AK",National Monument,"During World War II the remote Aleutian Islands, home to the Unangax^ (Aleut) people for over 8,000 years, became a fiercely contested battleground in the Pacific. This thousand-mile-long archipelago saw invasion by Japanese forces, the occupation of two islands; a mass relocation of Unangax^ civilians; a 15-month air war; and one of the deadliest battles in the Pacific Theater."
ANIAKCHAK,"King Salmon, AK",National Monument & Preserve,"Given its remote location and challenging weather conditions, Aniakchak is one of the most wild and least visited places in the National Park System. This landscape is a vibrant reminder of Alaska's location in the volcanically active ""Ring of Fire,"" as it is home to an impressive six mile (10 km) wide, 2,500 ft (762 m) deep caldera formed during a massive volcanic eruption 3,500 years ago."
BERING LAND BRIDGE,"Nome, AK",National Preserve,Bering Land Bridge National Preserve lies at the continental crossroads that greatly influenced the distribution of life in the Western Hemisphere during the Pleistocene Epoch. It is a vital landscape for indigenous communities who depend on the land just as their ancestors did for many generations. It is a wild and ecologically healthy landscape unlike any other.
CAPE KRUSENSTERN,"Kotzebue, AK",National Monument,"North of the Arctic Circle, the monument forms 70 miles of shoreline on the Chukchi Sea.  More than 114 beach ridges provide evidence of human use for 5,000 years.  The Inupiat continue to use the area today.  Vast wetlands provide habitat for shorebirds from as far away as South America.  Hikers and boaters can see carpets of wildflowers among shrubs containing wisps of qiviut from muskoxen."
DENALI,"Denali Park, AK",National Park & Preserve,"Denali is six million acres of wild land, bisected by one ribbon of road. Travelers along it see the relatively low-elevation taiga forest give way to high alpine tundra and snowy mountains, culminating in North America's tallest peak, 20,310' Denali. Wild animals large and small roam un-fenced lands, living as they have for ages. Solitude, tranquility and wilderness await."
GATES OF THE ARCTIC,"Bettles, AK",National Park & Preserve,"This vast landscape does not contain any roads or trails. Visitors discover intact ecosystems where people have lived with the land for thousands of years. Wild rivers meander through glacier-carved valleys, caribou migrate along age-old trails, endless summer light fades into aurora-lit night skies of winter. It remains virtually unchanged except by the forces of nature."
GLACIER BAY,"Gustavus, AK",National Park & Preserve,"Covering 3.3 million acres of rugged mountains, dynamic glaciers, temperate rainforest, wild coastlines and deep sheltered fjords, Glacier Bay National Park is a highlight of Alaska's Inside Passage and part of a 25-million acre World Heritage Site—one of the world’s largest international protected areas. From sea to summit, Glacier Bay offers limitless opportunities for adventure and inspiration."
IÑUPIAT HERITAGE CENTER,"Barrow , AK",,"On the rooftop of the world, the Iñupiat Heritage Center in Barrow, Alaska, tells the story of the Iñupiat people. They have thrived for thousands of years in one of the harshest climates on Earth, hunting the bowhead, or ""Agviq."" In the 19th century, these lonely seas swarmed with commercial whalemen from New England, who also sought the bowhead for its valuable baleen and blubber."
KATMAI,"King Salmon, AK",National Park & Preserve,"A landscape alive underneath our feet, filled with creatures that remind us what it is to be wild.
Katmai was established in 1918 to protect the volcanically devastated region surrounding Novarupta and the Valley of Ten Thousand Smokes. Today, Katmai National Park and Preserve also protects 9,000 years of human history and important habitat for salmon and thousands of brown bears."
KENAI FJORDS,"Seward, AK",National Park,"At the edge of the Kenai Peninsula lies a land where the ice age lingers. Nearly 40 glaciers flow from the Harding Icefield, Kenai Fjords' crowning feature. Wildlife thrives in icy waters and lush forests around this vast expanse of ice. Sugpiaq people relied on these resources to nurture a life entwined with the sea. Today, shrinking glaciers bear witness to the effects of our changing climate."
KLONDIKE GOLD RUSH,"Skagway, AK",National Historical Park,"Headlines screamed ""Gold!"" The dream of a better life catapulted thousands of people to Alaska and the Yukon Territory. Their journey shaped them, and changed the people they encountered and the north forever. Today, the park remembers the trails, boomtowns, and stories of the Klondike Gold Rush."
KOBUK VALLEY,"Kotzebue, AK",National Park,"Caribou, sand dunes, the Kobuk River, Onion Portage - just some of the facets of Kobuk Valley National Park. Half a million caribou migrate through, their tracks crisscrossing sculpted dunes. The Kobuk River is an ancient and current path for people and wildlife. For 9000 years, people came to Onion Portage to harvest caribou as they swam the river. Even today, that rich tradition continues."
LAKE CLARK,"Port Alsworth, AK",National Park & Preserve,"Lake Clark National Park and Preserve is a land of stunning beauty. Volcanoes steam, salmon run, bears forage, and craggy mountains reflect in shimmering turquoise lakes. Here, too, local people and culture still depend on the land and water. Venture into the park to become part of the wilderness."
NOATAK,"Kotzebue, AK",National Preserve,"As one of North America's largest mountain-ringed river basins with an intact ecosystem, the Noatak River environs features some of the Arctic's finest arrays of plants and animals. The river is classified as a national wild and scenic river, and offers stunning wilderness float-trip opportunities - from deep in the Brooks Range to the tidewater of the Chukchi Sea."
SITKA,"Sitka, AK",National Historical Park,"On an island amid towering spruce and hemlock, Sitka National Historical Park preserves the site of a battle between invading Russian traders and indigenous Kiks.ádi Tlingit. Park visitors are awed by Tlingit and Haida totem poles standing along the park’s scenic coastal trail, and the restored Russian Bishop’s House speaks of Russia’s little known colonial legacy in North America."
WORLD WAR II VALOR IN THE PACIFIC,"Honolulu, HI,AK,CA",National Monument,"At World War II Valor in the Pacific National Monument, home of the USS Arizona Memorial, learn about one of the most pivotal moments in US history: the attack on Pearl Harbor, and the subsequent entry of the United States into World War II. The monument preserves and interprets the stories of the Pacific War, from the internment of Japanese Americans to the battles in the Aleutians."
WRANGELL - ST ELIAS,"Copper Center, AK",National Park & Preserve,"Wrangell St. Elias is a vast national park that rises from the ocean all the way up to 18,008 ft. At 13.2 million acres, the park is the same size as Yellowstone National Park, Yosemite National Park, and Switzerland combined! Within this wild landscape, people continue to live off the land as they have done for centuries. This rugged, beautiful land is filled with opportunities for adventure."
YUKON - CHARLEY RIVERS,"Eagle, AK",National Preserve,"Located in Interior Alaska, Yukon-Charley Rivers offers exploration in a largely untouched landscape. Whether you float the mighty Yukon River or paddle the Charley River's whitewater, your memories will last a lifetime. Geology, cultural history, gold rush remnants, wildlife, and vast scenery will be a part of your experience. But, the strongest element will be solitude. Your adventure awaits."
NATIONAL PARK OF AMERICAN SAMOA,"Pago Pago, American Samoa, AS",,"The National Park of American Samoa welcomes you into the heart of the South Pacific, to a world of sights, sounds, and experiences that you will find in no other national park in the United States.
Enjoy this unique national park and the welcoming people of American Samoa. We are here to protect its rich culture and natural resources. Come explore them with us!"
CANYON DE CHELLY,"Chinle, AZ",National Monument,"For nearly 5,000 years, people have lived in these canyons - longer than anyone has lived uninterrupted anywhere on the Colorado Plateau.  In the place called Tsegi, their homes and images tell us their stories. Today, Navajo families make their homes, raise livestock, and farm the lands in the canyons. A place like no other, the park and Navajo Nation work together to manage the land's resources."
CASA GRANDE RUINS,"Coolidge, AZ",National Monument,"Explore the mystery and complexity of an extended network of communities and irrigation canals. An Ancient Sonoran Desert People's farming community and ""Great House"" are preserved at Casa Grande Ruins. Whether the Casa Grande was a gathering place for the Desert People or simply a waypoint marker in an extensive system of canals and trading partners is but part of the mystique of the Ruins"
CHIRICAHUA,"Willcox, AZ",National Monument,"A ""Wonderland of Rocks"" is waiting for you to explore at Chiricahua National Monument. The 8-mile paved scenic drive and 17-miles of day-use hiking trails provide opportunities to discover the beauty, natural sounds, and inhabitants of this 11,985 acre site. Visit the Faraway Ranch Historic District to discover more about the people who have called this area home."
CORONADO,"Hereford, AZ",National Memorial,"It was a journey of conquest filled with exploration, wonder - and cruelty. Inspired by tales of vast cities of gold, 339 European soldiers and hundreds of Aztec allies embarked on an epic journey through arid deserts and rugged mountains. They encountered rich traditions and brought new technologies. The resulting collision and combination of cultures reverberates today."
FORT BOWIE,"Willcox, AZ",National Historic Site,"Fort Bowie witnessed almost 25 years of conflict between the Chiricahua Apache and the US Army, and remains a tangible connection to the turbulent era of the late 1800s. Explore the history of Fort Bowie and Apache Pass as you hike the 1.5 mile trail to the visitor center and old fort ruins. Today, this peaceful landscape stands in stark contrast to the violence that once gripped this land."
GLEN CANYON,"Glen Canyon National Recreation Area, AZ,UT",National Recreation Area,"Encompassing over 1.25 million acres, Glen Canyon National Recreation Area offers unparalleled opportunities for water-based & backcountry recreation. The recreation area stretches for hundreds of miles from Lees Ferry in Arizona to the Orange Cliffs of southern Utah, encompassing scenic vistas, geologic wonders, and a vast panorama of human history."
GRAND CANYON,"Grand Canyon, AZ",National Park,"Unique combinations of geologic color and erosional forms decorate a canyon that is 277 river miles (446km) long, up to 18 miles (29km) wide, and a mile (1.6km) deep. Grand Canyon overwhelms our senses through its immense size.
South Rim is open all year.  North Rim is closed for the winter.
On February 26, 1919, Grand Canyon became a National Park. This is our Centennial Year!"
HUBBELL TRADING POST,"Ganado, AZ",National Historic Site,"The squeaky wooden floor greets your entry into the oldest operating trading post on the Navajo Nation.  When your eyes adjust to the dim light in the ""bullpen"" you find you’ve just entered a mercantile.  Hubbell Trading Post has been serving Ganado selling goods and Native American Art since 1878.
Discover Hubbell Trading Post NHS, where history is made every day!"
JUAN BAUTISTA DE ANZA,"Nogales, AZ to San Francisco, CA, AZ,CA",National Historic Trail,"""¡Vayan Subiendo!""(""Everyone mount up!"") was the rousing call from Juan Bautista de Anza. In 1775-76, he led some 240 men, women, and children on an epic journey to establish the first non-Native settlement at San Francisco Bay. Today, the 1,200-mile Juan Bautista de Anza National Historic Trail connects history, culture, and outdoor recreation from Nogales, Arizona, to the San Francisco Bay Area."
LAKE MEAD,"the Mojave Desert, AZ,NV",National Recreation Area,"Boat, hike, cycle, camp and fish at America’s most diverse national recreation area. With striking landscapes and brilliant blue waters, this year-round playground spreads across 1.5 million acres of mountains, canyons, valleys and two vast lakes. See the Hoover Dam from the waters of Lake Mead or Lake Mohave, or find solitude in one of the park's nine wilderness areas."
MONTEZUMA CASTLE,"Camp Verde, AZ",National Monument,"Today we gaze through the windows of the past into one of the best preserved cliff dwellings in North America. This 20 room high-rise apartment, nestled into a towering limestone cliff, tells a story of ingenuity, survival and ultimately, prosperity in an unforgiving desert landscape.
Come marvel at this enduring legacy of the Sinagua culture and reveal a people surprisingly similar to ourselves."
NAVAJO,"Black Mesa, AZ",National Monument,"The Puebloan Ancestors built Tsegi Phase villages within the natural sandstone alcoves of our canyons. Betatakin, Keet Seel, and Inscription House are the three cliff dwelling sites that are tucked away in the alcoves. These villages, which date from AD 1250 to 1300, thrill all who visit with original architectural elements such as masonry walls, roof beams, and pictographs."
OLD SPANISH,"AZ,CA,CO,NV,NM,UT",National Historic Trail,"Follow the routes of mule pack trains across the Southwest on the Old Spanish National Historic Trail between Santa Fe, New Mexico, and Los Angeles, California. New Mexican traders moved locally produced merchandise across what are now six states to exchange for mules and horses."
ORGAN PIPE CACTUS,"Ajo, AZ",National Monument,"Look closely. Look again. The sights and sounds of Organ Pipe Cactus National Monument, an International Biosphere Reserve, reveal a thriving community of plants and animals. Human stories echo throughout this desert preserve, chronicling thousands of years of desert living. A scenic drive, wilderness hike or a night of camping will expose you to a living desert that thrives."
PARASHANT,"Northern Arizona, AZ",National Monument,"Take a lonely and rocky two-track road in a 4x4 to the edge of the Grand Wash Cliffs. Find a stunning solitary vista deep into the Grand Canyon. Relax in the shade of ponderosas at Mt. Trumbull. Touch ancient waters at Pakoon Springs in one of the driest places in the world. Parashant is remote. There are no crowds here. Be equipped to leave pavement, cell service, and the 21st century behind."
PETRIFIED FOREST,"Petrified Forest National Park, AZ",National Park,"Did you know that Petrified Forest is more spectacular than ever? While the park has all the wonders known for a century, there are many new adventures and discoveries to share. There are backcountry hikes into areas never open before such as Red Basin and little known areas like the Martha's Butte. There are new exhibits that bring the stories to life. Come rediscover Petrified Forest!"
PIPE SPRING,"Fredonia, AZ",National Monument,"Beneath vermilion cliffs, American Indians, Mormon ranchers, plants, animals, and many others have depended on the life-giving water found at the desert oasis at Pipe Spring. Learn about settler and Kaibab Paiute life by exploring the museum, historic fort and cabins, garden, and Ridge Trail. Visit with rangers and ranch animals, and attend living history demonstrations and talks."
SAGUARO,"Tucson, AZ",National Park,"Tucson, Arizona is home to the nation's largest cacti. The giant saguaro is the universal symbol of the American west. These majestic plants, found only in a small portion of the United States, are protected by Saguaro National Park, to the east and west of the modern city of Tucson. Here you have a chance to see these enormous cacti, silhouetted by the beauty of a magnificent desert sunset."
SUNSET CRATER VOLCANO,"Flagstaff, AZ",National Monument,"The cinder cone volcano's rim is the dusky red of sunset, but the crater is only part of the story. Around 1085 the ground began to shake, and lava spewed high into the air. When the eruption finished, it had changed both the landscape and the people who lived here. Today, it teaches how nature and humankind affect each other—and how rebirth and renewal happen in the wake of disaster."
TONTO,"Roosevelt, AZ",National Monument,"The Salado Phenomena, 700 years ago, blended ideas of neighboring Native American cultures to emerge a unique and vibrant society. Tonto National Monument showcases two Salado-style cliff dwellings. Colorful pottery, woven cotton cloth, and other artifacts tell a story of people living and using resources from the northern Sonoran Desert from 1250 to 1450 CE."
TUMACÁCORI,"Tumacácori, AZ",National Historical Park,"Tumacácori sits at a cultural crossroads in the Santa Cruz River valley. Here O’odham, Yaqui, and Apache people met and mingled with European Jesuit and Franciscan missionaries, settlers, and soldiers, sometimes in conflict and sometimes in cooperation. Follow the timeworn paths and discover stories that connect us to enduring relationships, vibrant cultures, and traditions of long ago."
TUZIGOOT,"Clarkdale, AZ",National Monument,Crowning a desert hilltop is an ancient pueblo. A child scans the desert landscape for the arrival of traders. What riches will they bring? What stories will they tell? From the rooftop of the Tuzigoot pueblo it is easy to imagine such a moment. The pueblo shows us this ancient village built by the Sinagua people. They were farmers and artists with trade connections that spanned hundreds of miles.
WALNUT CANYON,"Flagstaff, AZ",National Monument,"Come gaze across curved canyon walls! Among the remarkable geological formations of the canyon itself, the former homes of ancient inhabitants are easily evident. Along the trails you can imagine life within Walnut Canyon, while visiting actual pueblos and walking in the steps of those who came before."
WUPATKI,"Flagstaff, AZ",National Monument,"Nestled between the Painted Desert and ponderosa highlands of northern Arizona, Wupatki is a landscape of legacies. Ancient pueblos dot red-rock outcroppings across miles of prairie. Where food and water seem impossible to find, people built pueblos, raised families, farmed, traded, and thrived. Today, if you linger and listen, earth and artifacts whisper their stories to us still."
ARKANSAS POST,"Gillett, AR",National Memorial,"Located at the confluence of two rivers, Arkansas Post has served as a gathering place for many cultures throughout human history - it represents cultural cooperation, conflict, synthesis, and diversity."
BUFFALO,"Harrison and St. Joe, AR",National River,"Established in 1972, Buffalo National River flows freely for 135 miles and is one of the few remaining undammed rivers in the lower 48 states. Once you arrive, prepare to journey from running rapids to quiet pools while surrounded by massive bluffs as you cruise through the Ozark Mountains down to the White River."
FORT SMITH,"Fort Smith, AR,OK",National Historic Site,"From the establishment of the first Fort Smith on December 25, 1817, to the final days of Judge Isaac C. Parker's jurisdiction over Indian Territory in 1896, Fort Smith National Historic Site preserves almost 80 years of history.
Explore life on the edge of Indian Territory through the stories of soldiers, the Trail of Tears, dangerous outlaws, and the brave lawmen who pursued them."
HOT SPRINGS,"Hot Springs, AR",National Park,"Water. That's what first attracted people, and they have been coming here ever since to use these soothing thermal waters to heal and relax. Rich and poor alike came for the baths, and a thriving city built up around the hot springs. Together nicknamed ""The American Spa,"" Hot Springs National Park today surrounds the north end of the city of Hot Springs, Arkansas. Come discover it for yourself."
LITTLE ROCK CENTRAL HIGH SCHOOL,"Little Rock, AR",National Historic Site,"Little Rock Central High School is recognized for the role it played in the desegregation of public schools in the United States.  The nine African-American students' persistence in attending the formerly all-white Central High School was the most prominent national example of the implementation of the May 17, 1954 Supreme Court decision Brown v. Board of Education."
PEA RIDGE,"Pea Ridge, AR",National Military Park,"On March 7-8, 1862, over 23,000 soldiers fought here to decide the fate of Missouri and was a turning point of the war in the West.  The 4,300 acre battlefield honors those who fought and died on these grounds. Pea Ridge was the most pivotal Civil War battle west of the Mississippi River and is one of the most intact Civil War battlefields in the United States."
PRESIDENT WILLIAM JEFFERSON CLINTON BIRTHPLACE HOME,"Hope, AR",National Historic Site,"On August 19, 1946, Virginia Blythe gave birth to her son, William Jefferson Blythe, III. Named for his father who died before he was born, he grew up to become William Jefferson Clinton - the 42nd president of the United States. In this house, he learned many of the early lessons that defined his life and his presidency."
TRAIL OF TEARS,"AL,AR,GA,IL,KY,MO,NC,OK,TN",National Historic Trail,"Remember and commemorate the survival of the Cherokee people, forcefully removed from their homelands in Georgia, Alabama, and Tennessee to live in Indian Territory, now Oklahoma. They traveled by foot, horse, wagon, or steamboat in 1838-1839."
ALCATRAZ ISLAND,"San Francisco, CA",,"Alcatraz Island offers a close-up look at the site of the first lighthouse and US built fort on the West Coast, the infamous federal penitentiary long off-limits to the public, and the history making 18 month occupation by Indians of All Tribes. Rich in history, there is also a natural side to the Rock—gardens, tide pools, bird colonies, and bay views beyond compare."
CABRILLO,"San Diego, CA",National Monument,"Climbing out of his boat and onto shore in 1542, Juan Rodriguez Cabrillo stepped into history as the first European to set foot on what is now the West Coast of the United States. In addition to telling the story of 16th century exploration, the park is home to a wealth of cultural and natural resources. Join us and embark on your own Voyage of Discovery."
CALIFORNIA,"Various States CA,CO,ID,KS,MO,NE,NV,OR,UT,WY",National Historic Trail,"Follow in the footsteps of over 250,000 emigrants who traveled to the gold fields and rich farmlands of California during the 1840s and 1850s: the greatest mass migration in American history. The California National Historic Trail is over 5,000 miles long and covers portions of 10 states. Step into history along more than 1,000 miles of ruts and traces from travelers and their overland wagons."
CASTLE MOUNTAINS,"Barstow, CA",National Monument,"Castle Mountains represents some of the most unique elements of the Mojave Desert. Nestled between the Nevada state line and Mojave National Preserve, the nearly 21,000 acres of Castle Mountains boasts Joshua tree forests, unbroken natural landscapes, rare desert grasslands, and rich human history. This intriguing area provides serenity and solitude from nearby metropolitan areas."
CÉSAR E. CHÁVEZ,,National Monument,"Yes, we can!
Widely recognized as the most important Latino leader in the United States during the twentieth century, César E. Chávez led farm workers and supporters in the establishment of the country's first permanent agricultural union. His leadership brought sustained international attention to the plight of U.S. farm workers, and secured for them higher wages and safer working conditions"
CHANNEL ISLANDS,"Ventura, CA",National Park,"Channel Islands National Park encompasses five remarkable islands and their ocean environment, preserving and protecting a wealth of natural and cultural resources. Isolation over thousands of years has created unique animals, plants, and archeological resources found nowhere else on Earth and helped preserve a place where visitors can experience coastal southern California as it once was."
DEATH VALLEY,"Death Valley, CA,NV",National Park,"In this below-sea-level basin, steady drought and record summer heat make Death Valley a land of extremes. Yet, each extreme has a striking contrast. Towering peaks are frosted with winter snow. Rare rainstorms bring vast fields of wildflowers. Lush oases harbor tiny fish and refuge for wildlife and humans. Despite its morbid name, a great diversity of life survives in Death Valley."
DEVILS POSTPILE,"the Sierra Nevada near     Mammoth Lakes, CA",National Monument,"Established in 1911 by presidential proclamation, Devils Postpile National Monument protects and preserves the Devils Postpile formation, the 101-foot high Rainbow Falls, and pristine mountain scenery.  The formation is a rare sight in the geologic world and ranks as one of the world's finest examples of columnar basalt. Its columns tower 60 feet high and display an unusual symmetry."
EUGENE O'NEILL,"Danville, CA",National Historic Site,"America's only Nobel Prize winning playwright, Eugene O'Neill, chose to live in Northern California at the height of his writing career. Isolated from the world and within the walls of his home, O'Neill wrote his final and most memorable plays; The Iceman Cometh, Long Day's Journey Into Night, and A Moon for the Misbegotten."
FORT POINT,"Presidio of San Francisco, CA",National Historic Site,"From its vantage point overlooking the spectacular Golden Gate, Fort Point defended the San Francisco Bay following California's Gold Rush through World War II. Its beautifully arched casemates display the art of 3rd system brick masonry and interacts gracefully with the Golden Gate Bridge."
GOLDEN GATE,"San Francisco, CA",National Recreation Area,"Experience a park so rich it supports 19 distinct ecosystems with over 2,000 plant and animal species. Go for a hike, enjoy a vista, have a picnic or learn about the centuries of overlapping history from California’s indigenous cultures, Spanish colonialism, the Mexican Republic, US military expansion and the growth of San Francisco. All of this and more awaits you, so get out and find your park."
JOHN MUIR,"Martinez, CA",National Historic Site,"John Muir played many roles in his life, all of which helped him succeed in his role as an advocate for Nature. As America’s most famous naturalist and conservationist, Muir fought to protect the wild places he loved, places we can still visit today. Muir’s writings convinced the U.S. government to protect Yosemite, Sequoia, Grand Canyon and Mt. Rainier as national parks."
JOSHUA TREE,"Southern California between I-10 and Hwy 62; headquarters in Twentynine Palms, CA",National Park,"Two distinct desert ecosystems, the Mojave and the Colorado, come together in Joshua Tree National Park. A fascinating variety of plants and animals make their homes in a land sculpted by strong winds and occasional torrents of rain. Dark night skies, a rich cultural history, and surreal geologic features add to the wonder of this vast wilderness in southern California. Come explore for yourself."
JUAN BAUTISTA DE ANZA,"Nogales, AZ to San Francisco, CA, AZ,CA",National Historic Trail,"""¡Vayan Subiendo!""(""Everyone mount up!"") was the rousing call from Juan Bautista de Anza. In 1775-76, he led some 240 men, women, and children on an epic journey to establish the first non-Native settlement at San Francisco Bay. Today, the 1,200-mile Juan Bautista de Anza National Historic Trail connects history, culture, and outdoor recreation from Nogales, Arizona, to the San Francisco Bay Area."
LASSEN VOLCANIC,"Mineral, CA",National Park,"Lassen Volcanic National Park is home to steaming fumaroles, meadows freckled with wildflowers, clear mountain lakes, and numerous volcanoes. Jagged peaks tell the story of its eruptive past while hot water continues to shape the land. Lassen Volcanic offers opportunities to discover the wonder and mysteries of volcanoes and hot water for visitors willing to explore the undiscovered."
LAVA BEDS,"Tulelake, CA",National Monument,"Lava Beds National Monument is a land of turmoil, both geological and historical. Over the last half-million years, volcanic eruptions on the Medicine Lake shield volcano have created a rugged landscape dotted with diverse volcanic features. More than 700 caves, Native American rock art sites, historic battlefields and campsites, and a high desert wilderness experience await you!"
MANZANAR,"Independence, CA",National Historic Site,"In 1942, the United States government ordered more than 110,000 men, women, and children to leave their homes and detained them in remote, military-style camps. Manzanar War Relocation Center was one of ten camps where Japanese American citizens and resident Japanese aliens were incarcerated during World War II."
MOJAVE,"Southern California between I-15 and I-40; headquarters in Barstow, CA",National Preserve,"Singing sand dunes, cinder cone volcanoes, Joshua tree forest, and carpets of wildflowers are all found at this 1.6-million-acre park. A visit to its canyons, mountains, and mesas will reveal long-abandoned mines, homesteads, and rock-walled military outposts. Located between Los Angeles and Las Vegas, Mojave provides serenity and solitude from major metropolitan areas."
MUIR WOODS,"Mill Valley, CA",National Monument,"Walk among old growth coast redwoods, cooling their roots in the fresh water of Redwood Creek and lifting their crowns to reach the sun and fog. Federally protected as a National Monument since 1908, this primeval forest is both refuge and laboratory, revealing our relationship with the living landscape. What will you discover in Muir Woods?"
OLD SPANISH,"AZ,CA,CO,NV,NM,UT",National Historic Trail,"Follow the routes of mule pack trains across the Southwest on the Old Spanish National Historic Trail between Santa Fe, New Mexico, and Los Angeles, California. New Mexican traders moved locally produced merchandise across what are now six states to exchange for mules and horses."
PINNACLES,"Paicines, CA",National Park,"Some 23 million years ago multiple volcanoes erupted, flowed, and slid to form what would become Pinnacles National Park. What remains is a unique landscape. Travelers journey through chaparral, oak woodlands, and canyon bottoms. Hikers enter rare talus caves and emerge to towering rock spires teeming with life: prairie and peregrine falcons, golden eagles, and the inspiring California condor."
POINT REYES,"Point Reyes, CA",National Seashore,"From its thunderous ocean breakers crashing against rocky headlands and expansive sand beaches to its open grasslands, brushy hillsides, and forested ridges, Point Reyes offers visitors over 1500 species of plants and animals to discover. Home to several cultures over thousands of years, the Seashore preserves a tapestry of stories and interactions of people. Point Reyes awaits your exploration."
PONY EXPRESS,"Various States CA,CO,KS,MO,NE,NV,UT,WY",National Historic Trail,It is hard to believe that young men once rode horses to carry mail from Missouri to California in the unprecedented time of only 10 days. This relay system along the Pony Express National Historic Trail in eight states was the most direct and practical means of east-west communications before the telegraph.
PORT CHICAGO NAVAL MAGAZINE,"Concord Naval Weapons Station, CA",National Memorial,"On the evening of July 17, 1944, residents in the San Francisco east bay area were jolted awake by a massive explosion that cracked windows and lit up the night sky. At Port Chicago Naval Magazine, 320 men were instantly killed when two ships being loaded with ammunition for the Pacific theater troops blew up. It was WWII's worst home front disaster."
PRESIDIO OF SAN FRANCISCO,"San Francisco, CA",,"For 218 years, the Presidio served as an army post for three nations. World and local events, from military campaigns to World Fairs and earthquakes, left their mark. Come enjoy the history and the natural beauty of the Presidio. Explore centuries of architecture. Reflect in a national cemetery. Walk along an historic airfield, through forests or to beaches, and admire spectacular vistas."
REDWOOD,"Del Norte & Humboldt counties , CA",National and State Parks,"Most people know Redwood as home to the tallest trees on Earth. The parks also protect vast prairies, oak woodlands, wild river-ways, and nearly 40-miles of rugged coastline.  For thousands of years people have lived in this verdant landscape.  Together, the National Park Service and California State Parks are managing and restoring these lands for the inspiration, enjoyment, and education of all."
ROSIE THE RIVETER WWII HOME FRONT,"Richmond, CA",National Historical Park,"Explore and honor the efforts and sacrifices of American civilians on the World War II home front.  Find out how they lived, worked and got along. Many faces, many stories, many truths weave a complex tapestry of myths and realities from this time of opportunity and loss."
SAN FRANCISCO MARITIME,"San Francisco, CA",National Historical Park,"Located in the Fisherman's Wharf neighborhood, San Francisco Maritime National Historical Park offers visitors the sights, sounds, smells and stories of Pacific Coast maritime history. The Park includes a magnificent fleet of historic ships, a Visitor Center, Maritime Museum, Maritime Research Center, and Aquatic Park Historic District."
SANTA MONICA MOUNTAINS,"Thousand Oaks, CA",National Recreation Area,"Hidden in plain sight from Los Angeles, the Santa Monica Mountains offer easy access to surprisingly wild places. Experience the famous beaches of Malibu or explore more than 500 miles of trails. The park abounds with historical and cultural sites, from old movie ranches to Native American centers. What will you and your family discover?"
SEQUOIA & KINGS CANYON,"In the southern Sierra Nevada in Tulare and Fresno counties, CA",National Parks,"This dramatic landscape testifies to nature's size, beauty, and diversity--huge mountains, rugged foothills, deep canyons, vast caverns, and the world's largest trees. These two parks lie side by side in the southern Sierra Nevada east of the San Joaquin Valley. Weather varies a lot by season and elevation, which ranges from 1,370' to 14,494'."
TULE LAKE,"Tulelake, CA",National Monument,"The Tule Lake Unit, WWII Valor in the Pacific National Monument includes both the the Tule Lake Segregation Center, the largest and most controversial of the sites where Japanese Americans were incarcerated during World War II, and Camp Tulelake, which was first a Civilian Conservation Corps camp, then an additional facility to detain Japanese Americans, and finally a prisoner of war camp."
WHISKEYTOWN,"Whiskeytown, CA",National Recreation Area,"Whiskeytown Lake’s beautiful crystal-clear waters, surrounded by mountain peaks, are perhaps the most prominent feature of the park.  However, water-based recreation is only a small part of what the park has to offer. The 39,000 acres surrounding the lake hold four waterfalls, pristine mountain creeks, 70 miles of trails, and opportunities to explore the history of the California Gold Rush."
WORLD WAR II VALOR IN THE PACIFIC,"Honolulu, HI,AK,CA",National Monument,"At World War II Valor in the Pacific National Monument, home of the USS Arizona Memorial, learn about one of the most pivotal moments in US history: the attack on Pearl Harbor, and the subsequent entry of the United States into World War II. The monument preserves and interprets the stories of the Pacific War, from the internment of Japanese Americans to the battles in the Aleutians."
YOSEMITE,"the Sierra Nevada, CA",National Park,"Not just a great valley, but a shrine to human foresight, the strength of granite, the power of glaciers, the persistence of life, and the tranquility of the High Sierra.
First protected in 1864, Yosemite National Park is best known for its waterfalls, but within its nearly 1,200 square miles, you can find deep valleys, grand meadows, ancient giant sequoias, a vast wilderness area, and much more."
BENT'S OLD FORT,"La Junta, CO",National Historic Site,"Bent's Old Fort National Historic Site features a reconstructed 1840s adobe fur trading post on the mountain branch of the Santa Fe Trail where traders, trappers, travelers, and the Cheyenne and Arapaho tribes came together in peaceful terms for trade.  Today, living historians recreate the sights, sounds, and smells of the past with guided tours, demonstrations and special events."
BLACK CANYON OF THE GUNNISON,"Montrose, CO",National Park,"Big enough to be overwhelming, still intimate enough to feel the pulse of time, Black Canyon of the Gunnison exposes you to some of the steepest cliffs, oldest rock, and craggiest spires in North America. With two million years to work, the Gunnison River, along with the forces of weathering, has sculpted this vertical wilderness of rock, water, and sky."
CALIFORNIA,"Various States CA,CO,ID,KS,MO,NE,NV,OR,UT,WY",National Historic Trail,"Follow in the footsteps of over 250,000 emigrants who traveled to the gold fields and rich farmlands of California during the 1840s and 1850s: the greatest mass migration in American history. The California National Historic Trail is over 5,000 miles long and covers portions of 10 states. Step into history along more than 1,000 miles of ruts and traces from travelers and their overland wagons."
COLORADO,"Fruita, CO",National Monument,"Colorado National Monument preserves one of the grand landscapes of the American West. But this treasure is much more than a monument. Towering monoliths exist within a vast plateau and canyon panorama. You can experience sheer-walled, red rock canyons along the twists and turns of Rim Rock Drive, where you may spy bighorn sheep and soaring eagles."
CURECANTI,"Gunnison, CO",National Recreation Area,"Curecanti National Recreation Area is a series of three reservoirs along the once wild Gunnison River. The reservoirs that make up Curecanti today are a destination for water-based recreation high in the Rocky Mountains. Best known for salmon and trout fishing, Curecanti also offers opportunities for hiking, boating, camping, and bird watching."
DINOSAUR,"Vernal, Utah & Dinosaur, Colorado, CO,UT",National Monument,"Dinosaurs once roamed here. Their fantastic remains are still visible embedded in the rocks. Today, the mountains, desert and untamed rivers flowing in deep canyons, support an array of life. Petroglyphs hint at earlier cultures. Later, homesteaders and outlaws found refuge here. Whether your passion is science, adventure, history or scenery, Dinosaur offers much to explore."
FLORISSANT FOSSIL BEDS,"Florissant, CO",National Monument,"Beneath a grassy mountain valley in central Colorado lies one of the richest and most diverse fossil deposits in the world. Petrified redwood stumps up to 14 feet wide and thousands of detailed fossils of insects and plants reveal the story of a very different, prehistoric Colorado."
GREAT SAND DUNES,"Mosca, CO",National Park & Preserve,"Open all day and night year round, the tallest dunes in North America are the centerpiece in a diverse landscape of grasslands, wetlands, conifer and aspen forests, alpine lakes, and tundra. Experience a starry sky on moonless nights, or a surreal walk on the dunes under bright full moonlight."
HOVENWEEP,"Blanding, Utah & Cortez, Colorado, CO,UT",National Monument,"Once home to over 2,500 people, Hovenweep includes six prehistoric villages built between A.D. 1200 and 1300. Explore a variety of structures, including multistory towers perched on canyon rims and balanced on boulders. The construction and attention to detail will leave you marveling at the skill and motivation of the builders."
MESA VERDE,"Cortez and Mancos, CO",National Park,"Mesa Verde National Park was established in 1906 to preserve and interpret the archeological heritage of the Ancestral Pueblo people who made it their home for over 700 years, from 600 to 1300 CE. Today, the park protects nearly 5,000 known archeological sites, including 600 cliff dwellings. These sites are some of the most notable and best preserved in the United States."
OLD SPANISH,"AZ,CA,CO,NV,NM,UT",National Historic Trail,"Follow the routes of mule pack trains across the Southwest on the Old Spanish National Historic Trail between Santa Fe, New Mexico, and Los Angeles, California. New Mexican traders moved locally produced merchandise across what are now six states to exchange for mules and horses."
PONY EXPRESS,"Various States CA,CO,KS,MO,NE,NV,UT,WY",National Historic Trail,It is hard to believe that young men once rode horses to carry mail from Missouri to California in the unprecedented time of only 10 days. This relay system along the Pony Express National Historic Trail in eight states was the most direct and practical means of east-west communications before the telegraph.
ROCKY MOUNTAIN,"Estes Park and Grand Lake, CO",National Park,"Rocky Mountain National Park’s 415 square miles encompass and protect spectacular mountain environments. Enjoy Trail Ridge Road – which crests at over 12,000 feet including many overlooks to experience the subalpine and alpine worlds – along with over 300 miles of hiking trails, wildflowers, wildlife, starry nights, and fun times. In a world of superlatives, Rocky is on top!"
SAND CREEK MASSACRE,"Kiowa County, CO",National Historic Site,"The Sand Creek Massacre: profound, symbolic, spiritual, controversial, a site unlike any other in America.
As 675 cavalrymen came around a prairie bend, the camps of Chiefs Black Kettle, White Antelope, and Left Hand lay in the valley before them.  Chaotic, horrific, tumultuous, and bloody, the events of November 29, 1864 changed the course of history."
SANTA FE,"CO,KS,MO,NM,OK",National Historic Trail,"You can almost hear the whoops and cries of ""All's set!"" as trail hands hitched their oxen to freight wagons carrying cargo between western Missouri and Santa Fe, New Mexico. Follow the Santa Fe National Historic Trail through five states and you'll find adventure and evidence of past travelers who made this remarkable trip before you!"
YUCCA HOUSE,"Cortez, CO",National Monument,"Through a continuing tradition of public and private cooperation, Yucca House National Monument preserves one of the largest archeological sites in SW Colorado. The unexcavated nature of the site preserves its integrity and beauty for future generations of scientists and visitors. Experience a sense of discovery by visiting a site that has remained largely untouched for the past 800 years!"
APPALACHIAN,"Maine to Georgia, CT,GA,MA,MD,ME,NC,NH,NJ,NY,PA,TN,VA,VT,WV",National Scenic Trail,"The Appalachian Trail is a 2,180+ mile long public footpath that traverses the scenic, wooded, pastoral, wild, and culturally resonant lands of the Appalachian Mountains. Conceived in 1921, built by private citizens, and completed in 1937, today the trail is managed by the National Park Service, US Forest Service, Appalachian Trail Conservancy, numerous state agencies and thousands of volunteers."
NEW ENGLAND,"MA,CT",National Scenic Trail,"From the Sound to the Summits: the New England Trail covers 215 miles from Long Island Sound across long ridges to scenic mountain summits in Connecticut and Massachusetts. The trail offers panoramic vistas and close-ups of New England’s natural and cultural landscape: traprock ridges, historic village centers, farmlands, unfragmented forests, quiet streams, steep river valleys and waterfalls."
THE LAST GREEN VALLEY,"Danielson, CT,MA",National Heritage Corridor,"Discover the beauty of The Last Green Valley National Heritage Corridor!  Spanning 35 towns in northeastern Connecticut and south-central Massachusetts, The Last Green Valley is surprisingly rural and uniquely historic. With 1,100 square miles that are still 77% forests and farms, the pastoral landscape is interspersed with powerful rivers, mill villages, and vibrant town centers."
WASHINGTON-ROCHAMBEAU,"MA,RI,CT,NY,NJ,PA,DE,MD,VA,DC",National Historic Trail,"In 1781, General Rochambeau’s French Army joined forces with General Washington’s Continental Army to fight the British Army in Yorktown, Virginia. With the French Navy in support, the allied armies moved hundreds of miles to become the largest troop movement of the American Revolution. The effort and cooperation between the two sides led to a victory at Yorktown and secured American independence."
WEIR FARM,"Ridgefield & Wilton, CT",National Historic Site,"Visit the home and studio of America's most beloved Impressionist, J. Alden Weir, and walk in the footsteps of generations of world-class artists. Set amidst more than 60 acres of painterly woods, fields, and waterways, you’ll soon see why Weir described his home as the ""Great Good Place."" Weir’s farm is a national legacy to American Impressionism, the creative spirit, and historic preservation."
CAPTAIN JOHN SMITH CHESAPEAKE,"Various States VA,MD,DE,DC,PA,NY",National Historic Trail,"Four hundred years ago Englishman John Smith and a small crew of adventurers set out in an open boat to explore the Chesapeake Bay. Between 1607 and 1609 Smith and his crew mapped nearly 3,000 miles of the Bay and rivers and documented American Indian communities. Smith’s map and journals are a remarkable record of the 17th-century Chesapeake. Come join the adventure on the Chesapeake Bay!"
CHESAPEAKE BAY,"Chesapeake Bay Watershed, DC,DE,MD,NY,PA,VA,WV",,"NPS helps you learn about and enjoy the Chesapeake Bay, the largest estuary in North America.
Here, you can visit major league cities, colonial towns, American Indian landscapes, farms and fishing villages. You can learn to kayak, pick crabs, go fishing, tour a lighthouse, slurp oysters, and slow down to enjoy the natural beauty of the Chesapeake."
FIRST STATE,"DE,PA",National Historical Park,"Famous as the First State to ratify the Constitution, Delaware was born out of a conflict among three world powers for dominance of the Delaware Valley.  From this beginning, the region developed a distinct character that tolerated diversity in religion and national origin and valued independence."
WASHINGTON-ROCHAMBEAU,"MA,RI,CT,NY,NJ,PA,DE,MD,VA,DC",National Historic Trail,"In 1781, General Rochambeau’s French Army joined forces with General Washington’s Continental Army to fight the British Army in Yorktown, Virginia. With the French Navy in support, the allied armies moved hundreds of miles to become the largest troop movement of the American Revolution. The effort and cooperation between the two sides led to a victory at Yorktown and secured American independence."
AFRICAN AMERICAN CIVIL WAR MEMORIAL,"Washington, DC",,"Over 200,000 African-American soldiers and sailors served in the U.S. Army and Navy during the Civil War. Their service helped to end the war and free over four million slaves. The African American Civil War Memorial honors their service and sacrifice."
ANACOSTIA,"Washington, DC",Park,"Welcome to Anacostia Park, your neighborhood national park in the heart of Washington, DC!
Enjoy exercise along the river trail or relax by the water, Anacostia Park is a breath of fresh air and a space to unwind amid a bustling city."
BELMONT-PAUL WOMEN'S EQUALITY,"Washington, DC",National Monument,"Home to the National Woman's Party for nearly 90 years, this was the epicenter of the struggle for women's rights. From this house in the shadow of the U.S. Capitol and Supreme Court, Alice Paul and the NWP developed innovative strategies and tactics to advocate for the Equal Rights Amendment and equality for women. President Barack Obama designated the national monument on April 12, 2016."
CAPITOL HILL PARKS,"Washington, DC",,"The Capitol Hill Parks include several park areas east of the U.S. Capitol. Included in this group are Folger, Lincoln, Stanton, and Marion Parks, the Eastern Market and Potomac Avenue Metro stations, and several smaller land parcels such as Seward Square, Twining Square, the Maryland Avenue Triangles, the Pennsylvania Avenue Medians, and 59 inner-city triangles and squares."
CAPTAIN JOHN SMITH CHESAPEAKE,"Various States VA,MD,DE,DC,PA,NY",National Historic Trail,"Four hundred years ago Englishman John Smith and a small crew of adventurers set out in an open boat to explore the Chesapeake Bay. Between 1607 and 1609 Smith and his crew mapped nearly 3,000 miles of the Bay and rivers and documented American Indian communities. Smith’s map and journals are a remarkable record of the 17th-century Chesapeake. Come join the adventure on the Chesapeake Bay!"
CARTER G. WOODSON HOME,"Washington, DC",National Historic Site,"Before Dr. Carter G. Woodson, there was very little accurate written history about the lives and experiences of Americans of African descent. Today a National Historic Site, Dr. Woodson’s home served as the headquarters for the Association for the Study of African American Life and History. Dr. Woodson established Negro History Week here in 1926, which we celebrate today as Black History Month."
CHESAPEAKE & OHIO CANAL,"Potomac River, DC,MD,WV",National Historical Park,"Preserving America's early transportation history, the C&O Canal began as a dream of passage to Western wealth. Operating for nearly 100 years the canal was a lifeline for communities along the Potomac River as coal, lumber, and agricultural products floated down the waterway to market. Today it endures as a pathway for discovering historical, natural, and recreational treasures."
CHESAPEAKE BAY,"Chesapeake Bay Watershed, DC,DE,MD,NY,PA,VA,WV",,"NPS helps you learn about and enjoy the Chesapeake Bay, the largest estuary in North America.
Here, you can visit major league cities, colonial towns, American Indian landscapes, farms and fishing villages. You can learn to kayak, pick crabs, go fishing, tour a lighthouse, slurp oysters, and slow down to enjoy the natural beauty of the Chesapeake."
CIVIL WAR DEFENSES OF WASHINGTON,"Washington, DC,MD,VA",,"On forested hills surrounding the nation's capital are the remnants of a complex system of Civil War fortifications. Built by Union forces, these strategic buttresses transformed the young capital into one of the world's most fortified cities. This month, we will feature Fort Stanton, a massive earthwork which protected the Washington DC along the Anacostia River."
CONSTITUTION GARDENS,"Washington, DC",,"Officially established in 1965, National Mall and Memorial Parks actually protects some of the older parkland in the National Park System. Areas within this premier park provide visitors with ample opportunities to commemorate presidential legacies; honor the courage and sacrifice of war veterans; and celebrate the United States commitment to freedom and equality."
FORD'S THEATRE,"Washington, DC",,"Explore Ford's Theatre NHS, discover Abraham Lincoln's life in Washington, D.C., the struggle for a united country, and the motivation behind Lincoln's assassination. The National Park Service and the Ford's Theatre Society present a variety of programs year round."
FORT DUPONT PARK,"Washington, DC",,"Welcome to Fort Dupont Park in Washington DC! At 376-acres, the wooded park was once home to earthen fort built to protect the capital during the Civil War. Today, visitors can see the fort's earthworks and escape to the great outdoors. Activities include picnics, nature walks, biking, gardening, environmental education, music, and ranger-led programs."
FRANKLIN DELANO ROOSEVELT MEMORIAL,"Washington, DC",,These words by President Roosevelt ushered the United States into World War Two and defined what it is to be an American. Stop by this secluded memorial and begin to understand the Roosevelt legacy in the park's largest memorial.
FREDERICK DOUGLASS,"Washington, DC",National Historic Site,"Frederick Douglass spent his life fighting for justice and equality. Born into slavery in 1818, he escaped as a young man and became a leading voice in the abolitionist movement. People everywhere still find inspiration today in his tireless struggle, brilliant words, and inclusive vision of humanity. Douglass's legacy is preserved here at Cedar Hill, where he lived his last 17 years."
GEORGE WASHINGTON,"DC, MD, VA",Memorial Parkway,"The George Washington Memorial Parkway was designed for recreational driving. It links sites that commemorate important episodes in American history and preserve habitat for local wildlife. The parkway and its associated trails provide a scenic place to play and rest in the busy Washington, DC metropolitan area."
KENILWORTH PARK & AQUATIC GARDENS,"Washington, DC",,"In an age old dance wind, water, and land combine here.  Sparkling in the sun on a breezy day, this natural area of Anacostia Park has origins in a 1926 act of Congress to preserve the forests, water quality, and recreation value of the waterways of Washington, DC.  The park reflects the policies that affect rivers and wetlands.  Come, join the dance."
KOREAN WAR VETERANS MEMORIAL,"Washington, DC",,Our nation honors her sons and daughters who answered the call to defend a country they never knew and a people they never met.
LBJ MEMORIAL GROVE ON THE POTOMAC,"Washington, DC",,"From this distance the seat of national power appears pristine across the river, so President Johnson came here often when he needed to escape from the stresses of building a Great Society. After he died, his wife chose this place for his memorial. A landscape of serpentine paths, white pines, a granite monolith, and an open meadow honors his legacy of social justice and conservation legislation."
LINCOLN MEMORIAL,"Washington, DC",,"""In this temple, as in the hearts of the people for whom he saved the Union, the memory of Abraham Lincoln is enshrined forever."" Beneath these words, the 16th President of the United States sits immortalized in marble as an enduring symbol of unity, strength, and wisdom."
"MARTIN LUTHER KING, JR. MEMORIAL","Washington, DC",,"Located in downtown Washington, D.C., the memorial honors Martin Luther King, Jr.'s legacy and the struggle for freedom, equality, and justice."
MARY MCLEOD BETHUNE COUNCIL HOUSE,"Washington, DC","National Historic Site
","Mary McLeod Bethune achieved her greatest recognition at the Washington, DC townhouse that is now this National Historic Site. The Council House was the first headquarters of the National Council of Negro Women (NCNW) and was Bethune’s last home in Washington, DC. From here, Bethune and the NCNW spearheaded strategies and developed programs that advanced the interests of African American women."
NATIONAL CAPITAL PARKS-EAST,"Washington, DC",,"Welcome to National Capital Parks-East. We invite you to journey to parks Beyond the Capital of Washington, D.C.  National Capital Parks-East is 13 park sites, parkways and statuary covering more than 8,000 acres of historic, cultural, and recreational parklands from Capitol Hill to the nearby Maryland suburbs"
NATIONAL MALL AND MEMORIAL PARKS,"Washington, DC",,"Each year, millions of people visit National Mall and Memorial Parks to recreate, to commemorate presidential legacies, to honor our nation's veterans, to make their voices heard, and to celebrate our nation's commitment to freedom and equality.
Note: The Washington Monument is currently closed for modernization of the elevator."
PENNSYLVANIA AVENUE,"Washington, DC",,"A street unlike any other.  It is known the world over as the heart of the Nation's Capital. America's history has marched, paraded, promenaded, and protested its way along the Avenue."
POTOMAC HERITAGE,"the corridor between the Chesapeake Bay and the Allegheny Highlands, DC,MD,PA,VA",National Scenic Trail,"Linking the tidal Potomac and upper Youghiogheny river basins, the evolving Potomac Heritage National Scenic Trail network lies within a corridor rich in historic pathways and waterways. You can travel this historic corridor today—on foot, bicycle and horse and by boat—exploring contrasting landscapes between the Chesapeake Bay and the Allegheny Plateau."
PRESIDENT'S PARK (WHITE HOUSE),"Washington, DC",,"Every president except George Washington has called the White House and its surrounding grounds his place of work, rest, and solitude. Recognizable around the world, the White House stands as a symbol of democracy. The White House and its park grounds serve not only as the seat of the executive branch of government of the United States of America, but also as an iconic place for civil discourse."
ROCK CREEK,"Washington, DC",Park,"Rock Creek Park is truly a gem in our nation's capital. This 1,754 acre city park was officially authorized in 1890, making it the third national park to be designated by the federal government. It offers visitors the opportunity to escape the bustle of the city and find a peaceful refuge, recreation, fresh air, majestic trees, wild animals, and thousands of years of human history."
STAR-SPANGLED BANNER,"DC, MD, VA",National Historic Trail,"For three years the young United States was embroiled in the War of 1812 and the Chesapeake Bay region felt the brunt of it, choked by shipping blockades and ravaged by enemy raids. Through sites and landscapes in Virginia, the District of Columbia, and throughout Maryland, the Trail tells the stories of the events, people, and places that led to the birth of our National Anthem."
THEODORE ROOSEVELT ISLAND,"Washington, DC",,"In the 1930s, landscape architects transformed Mason’s Island from neglected, overgrown farmland into Theodore Roosevelt Island, a memorial to America’s 26th president. They conceived a “real forest” designed to mimic the natural forest that once covered the island. Today miles of trails through wooded uplands and swampy bottomlands honor the legacy of a great outdoorsman and conservationist."
THOMAS JEFFERSON MEMORIAL,"Washington, DC",,"Author of the Declaration of Independence, statesman and visionary for the founding of a nation."
VIETNAM VETERANS,"Washington, DC",Memorial,"Honoring the men and women who served in the controversial Vietnam War, the Vietnam Veterans Memorial chronologically lists the names of more than 58,000 Americans who gave their lives in service to their country."
WASHINGTON MONUMENT,"Washington, DC",,"Built to honor George Washington, the United States' first president, the 555-foot marble obelisk towers over Washington, D.C. The Washington Monument is currently closed to visitors to allow for modernization of the elevator."
WASHINGTON-ROCHAMBEAU,"MA,RI,CT,NY,NJ,PA,DE,MD,VA,DC",National Historic Trail,"In 1781, General Rochambeau’s French Army joined forces with General Washington’s Continental Army to fight the British Army in Yorktown, Virginia. With the French Navy in support, the allied armies moved hundreds of miles to become the largest troop movement of the American Revolution. The effort and cooperation between the two sides led to a victory at Yorktown and secured American independence."
WORLD WAR II MEMORIAL,"
Washington, DC",,"Through stone architecture and bronze sculptures, the World War II Memorial recognizes the ways Americans served, honors those who fell, and recognizes the victory they achieved to restore freedom and end tyranny around the globe."
BIG CYPRESS,"Ochopee, FL",National Preserve,"The freshwaters of the Big Cypress Swamp, essential to the health of the neighboring Everglades, support the rich marine estuaries along Florida's southwest coast. Protecting over 729,000 acres of this vast swamp, Big Cypress National Preserve contains a mixture of tropical and temperate plant communities that are home to a diversity of wildlife, including the elusive Florida panther."
BISCAYNE,"Miami, Key Biscayne & Homestead, FL",National Park,"Within sight of downtown Miami, yet worlds away, Biscayne protects a rare combination of aquamarine waters, emerald islands, and fish-bejeweled coral reefs. Here too is evidence of 10,000 years of human history, from pirates and shipwrecks to pineapple farmers and presidents. Outdoors enthusiasts can boat, snorkel, camp, watch wildlife…or simply relax in a rocking chair gazing out over the bay."
CANAVERAL," Titusville and New Smyrna Beach, FL",National Seashore,"Since ancient times, this barrier island has provided sanctuary to both people and wildlife. Many threatened and endangered species find refuge here, including sea turtles who nest on its shores. Like first natives and early settlers, you too can find tranquility. Stroll down a wooded trail. Reflect on a pristine undeveloped shoreline - the way things used to be."
CASTILLO DE SAN MARCOS,"St. Augustine, FL",National Monument,"A monument not only of stone and mortar but of human determination and endurance, the Castillo de San Marcos symbolizes the clash between cultures which ultimately resulted in our uniquely unified nation.  Still resonant with the struggles of an earlier time, these original walls provide tangible evidence of America’s grim but remarkable history."
DE SOTO,"Bradenton, FL",National Memorial,"In May 1539, Conquistador Hernando de Soto’s army of soldiers, hired mercenaries, craftsmen, and clergy made landfall in Tampa Bay. They were met with fierce resistance of indigenous people protecting their homelands. De Soto’s quest for glory and gold would be a four year, four thousand mile odyssey of intrigue, warfare, disease, and discovery that would form the history of the United States."
DRY TORTUGAS,"Key West, FL",National Park,"Almost 70 miles (113 km) west of Key West lies the remote Dry Tortugas National Park. This 100-square mile park is mostly open water with seven small islands.  Accessible only by boat or seaplane, the park is known the world over as the home of magnificent Fort Jefferson, picturesque blue waters, superlative coral reefs and marine life, and the vast assortment of bird life that frequents the area."
EVERGLADES,"Miami, Naples, and Homestead, FL",National Park,"Everglades National Park protects an unparalleled landscape that provides important habitat for numerous rare and endangered species like the manatee,  American crocodile, and the elusive Florida panther.
An international treasure as well -  a World Heritage Site, International Biosphere Reserve, a Wetland of International Importance, and a specially protected area under the Cartagena Treaty."
FORT CAROLINE,"the Timucuan Preserve; Jacksonville, FL",National Memorial,"At the settlement of la Caroline, French settlers struggled for survival in a new world.  Many sought religious freedom in a new land, while others were soldiers or tradesmen starting a new life.  The climactic battles fought here between the French and Spanish marked the first time that European nations fought for control of lands in what is now the United States.  It would not be the last time. "
FORT MATANZAS,"St. Augustine, FL",National Monument,"Coastal Florida was a major field of conflict as European nations fought for control in the New World. As part of this struggle, Fort Matanzas guarded St. Augustine’s southern river approach. The colonial wars are over, but the monument is still protecting—not just the historic fort, but also the wild barrier island and the plants and animals who survive there amidst a sea of modern development"
GULF ISLANDS,"Gulf Breeze, Florida  and Ocean Springs, Mississippi            , FL,MS",National Seashore,"What is it that entices people to the sea?  Poet John Masefield wrote, “I must go down to the seas again, for the call of the running tide is a wild call and a clear call that may not be denied.”  Millions of visitors are drawn to the islands in the northern Gulf of Mexico for the white sandy beaches, the aquamarine waters, a boat ride, a camping spot, a tour of an old fort, or a place to fish."
GULLAH/GEECHEE,"FL,GA,NC,SC",Cultural Heritage Corridor,"Designated by Congress in 2006, the Gullah Geechee Cultural Heritage Corridor extends from Wilmington, North Carolina in the north to Jacksonville, Florida in the south. It is home to one of America's most unique cultures, a tradition first shaped by captive Africans brought to the southern United States from West Africa and continued in later generations by their descendents."
TIMUCUAN,"Jacksonville, FL",Ecological & Historic Preserve,"Visit one of the last unspoiled coastal wetlands on the Atlantic Coast. Discover 6,000 years of human history and experience the beauty of salt marshes, coastal dunes, and hardwood hammocks.
The Timucuan Preserve includes Fort Caroline and Kingsley Plantation."
ANDERSONVILLE,"Andersonville, GA",National Historic Site,"The Camp Sumter military prison at Andersonville was one of the largest Confederate military prisons during the Civil War. During the 14 months the prison existed, more than 45,000 Union soldiers were confined here. Of these, almost 13,000 died here. Today, Andersonville National Historic Site is a memorial to all American prisoners of war throughout the nation's history."
APPALACHIAN,"Maine to Georgia, CT,GA,MA,MD,ME,NC,NH,NJ,NY,PA,TN,VA,VT,WV",National Scenic Trail,"The Appalachian Trail is a 2,180+ mile long public footpath that traverses the scenic, wooded, pastoral, wild, and culturally resonant lands of the Appalachian Mountains. Conceived in 1921, built by private citizens, and completed in 1937, today the trail is managed by the National Park Service, US Forest Service, Appalachian Trail Conservancy, numerous state agencies and thousands of volunteers."
ARABIA MOUNTAIN,,National Heritage Area,"For millions of years, granite monadnocks have stood watch over the rivers and forests of Georgia. These breathtaking landscapes are the cornerstones of the Arabia Mountain National Heritage Area, which serves to protect & promote these outcrops and the surrounding region as a recreational wonder and national treasure."
AUGUSTA CANAL,"Augusta, GA",National Heritage Area,"The Augusta Canal helped usher the Industrial Revolution into the American South. Built in 1845 as a source of power, water, and transportation, the canal today is the only fully intact American industrial canal in continuous operation. By 1847 the first mills opened, followed by the massive Civil War era Confederate Powder Works and many more industries in the later decades of the 19th century."
CHATTAHOOCHEE RIVER,"Atlanta, GA",National Recreation Area,"Today the river valley attracts us for so many reasons. Take a solitary walk to enjoy nature’s display, raft leisurely through the rocky shoals with friends, fish the misty waters as the sun comes up, or have a picnic on a Sunday afternoon. Get Outdoors and experience your Chattahoochee River National Recreation Area as you have never done before."
CHICKAMAUGA & CHATTANOOGA,"Fort Oglethorpe, GA,TN",National Military Park,"In 1863, Union and Confederate forces fought for control of Chattanooga, known as the ""Gateway to the Deep South."" The Confederates were victorious at nearby Chickamauga in September. However, renewed fighting in Chattanooga that November provided Union troops victory and control of the city. After the fighting, a Confederate soldier ominously wrote, ""This...is the death-knell of the Confederacy."""
CUMBERLAND ISLAND,"Saint Marys, GA",National Seashore,"St Marys is the gateway to Cumberland Island, Georgia's largest and southernmost barrier island. Here pristine maritime forests, undeveloped beaches and wide marshes whisper the stories of both man and nature. Natives, missionaries, enslaved African Americans and Wealthy Industrialists all walked here.  Cumberland Island is also home to over 9,800 acres of Congressionally designated Wilderness."
FORT FREDERICA,"St. Simons Island, GA",National Monument,"Georgia's fate was decided in 1742 when Spanish and British forces clashed on St. Simons Island. Fort Frederica's troops defeated the Spanish, ensuring Georgia's future as a British colony. Today, the archeological remnants of Frederica are protected by the National Park Service."
FORT PULASKI,"Savannah, GA",National Monument,"For much of the 19th century, masonry fortifications were the United States’ main defense against overseas enemies. However, during the Civil War, new technology proved its superiority to these forts. The Union army used rifled cannon and compelled the Confederate garrison inside Fort Pulaski to surrender. The siege was a landmark experiment in the history of military science and invention."
GULLAH/GEECHEE,"FL,GA,NC,SC",Cultural Heritage Corridor,"Designated by Congress in 2006, the Gullah Geechee Cultural Heritage Corridor extends from Wilmington, North Carolina in the north to Jacksonville, Florida in the south. It is home to one of America's most unique cultures, a tradition first shaped by captive Africans brought to the southern United States from West Africa and continued in later generations by their descendents."
JIMMY CARTER,"Plains, GA",National Historic Site,"Few U.S. Presidents have had such close ties with where they were born and raised. The rural southern culture of Plains, Georgia, that revolves around farming, church and school, had a large influence in molding the character and in shaping the political policies of the 39th President of the United States."
KENNESAW MOUNTAIN,"Kennesaw, GA",National Battlefield Park,"Kennesaw Mountain National Battlefield Park is a 2,965 acre National Battlefield that preserves a Civil War battleground of the Atlanta Campaign. Opposing forces maneuvered and fought here from June 19, 1864 until July 2, 1864. Although most famous as a Civil War battlefield, Kennesaw Mountain has a much richer story."
"MARTIN LUTHER KING, JR.","Atlanta, GA",National Historical Park,"A young boy grows up in a time of segregation…A dreamer is moved by destiny into leadership of the modern civil rights movement…This was Martin Luther King, Jr.  Come hear his story, visit the home of his birth, and where he played as a child.  Walk in his footsteps, and hear his voice in the church where he moved hearts and minds.  Marvel at how he was an instrument for social change."
OCMULGEE MOUNDS,"Macon, GA",National Historical Park,"Welcome to Ocmulgee Mounds National Historical Park. This park is a prehistoric American Indian site.  American Indians first came here during the Paleo-Indian period hunting Ice Age mammals. Many different American Indian cultures occupied this land for thousands of years.  Around 900 CE, the Mississippian Period began. They constructed mounds for their elite, which remain today."
TRAIL OF TEARS,"AL,AR,GA,IL,KY,MO,NC,OK,TN",National Historic Trail,"Remember and commemorate the survival of the Cherokee people, forcefully removed from their homelands in Georgia, Alabama, and Tennessee to live in Indian Territory, now Oklahoma. They traveled by foot, horse, wagon, or steamboat in 1838-1839."
WAR IN THE PACIFIC,"Asan, GU",National Historical Park,"War in the Pacific National Historical Park was established to commemorate the bravery, courage, and sacrifice of those participating in the campaigns of the Pacific Theater of World War II.  At War in the Pacific National Historical Park, the former battlefields, gun emplacements, trenches, and historic structures all serve as silent reminders of the bloody World War II battles."
ALA KAHAKAI,"the Island of Hawaii, HI",National Historic Trail,"Established in 2000 for the preservation, protection and interpretation of traditional Native Hawaiian culture and natural resources, Ala Kahakai National Historic Trail is a 175 mile corridor and trail network of cultural and historical significance. It traverses through hundreds of ancient Hawaiian settlement sites and over 200 ahupua'a (traditional land divisions). Connect now!"
